<?xml version="1.0" encoding="UTF-8"?>
<metadata xml:lang="en"><Esri><CreaDate>20180227</CreaDate><CreaTime>14320800</CreaTime><ArcGISFormat>1.0</ArcGISFormat><SyncOnce>TRUE</SyncOnce><DataProperties><lineage><Process ToolSource="c:\program files (x86)\arcgis\desktop10.5\ArcToolbox\Toolboxes\Spatial Analyst Tools.tbx\ExtractMultiValuesToPoints" Date="20180227" Time="143208">ExtractMultiValuesToPoints CT_Centroid "BART_EuclDist BART_EuclD" NONE</Process><Process Name="Near" ToolSource="c:\program files (x86)\arcgis\desktop10.5\ArcToolbox\Toolboxes\Analysis Tools.tbx\Near" Date="20180227" Time="144536">Near CT_Centroid BART_Sta_13 # NO_LOCATION NO_ANGLE PLANAR</Process><Process Name="Near" ToolSource="c:\program files (x86)\arcgis\desktop10.5\ArcToolbox\Toolboxes\Analysis Tools.tbx\Near" Date="20180228" Time="144216">Near CT_Centroid CBD_Locations # LOCATION ANGLE PLANAR</Process></lineage></DataProperties></Esri></metadata>
