CT_Name,Cent_long,Cent_lat
Census Tract 101,-122.41089903700,37.80848099120
Census Tract 1011,-122.53924799000,38.13272101200
Census Tract 1012,-122.54356396800,38.10094514400
Census Tract 102,-122.42227046300,37.80599856110
Census Tract 1021,-122.59136485900,38.13165232350
Census Tract 1022.02,-122.59126537700,38.11660338470
Census Tract 1022.03,-122.57032801700,38.11044153610
Census Tract 103,-122.41568114900,37.80162009230
Census Tract 1031,-122.64608005400,38.11569118800
Census Tract 1032,-122.58613729100,38.09830621170
Census Tract 104,-122.40755814300,37.80227250600
Census Tract 1041.01,-122.56430993500,38.07929905850
Census Tract 1041.02,-122.55932652700,38.08820647740
Census Tract 1042,-122.56880976000,38.06090473740
Census Tract 1043,-122.50427649100,38.07684283840
Census Tract 105,-122.39713924800,37.79975084340
Census Tract 1050,-122.51496162900,38.05790450010
Census Tract 106,-122.40638793900,37.79937839290
Census Tract 1060.01,-122.51578217600,38.02921033060
Census Tract 1060.02,-122.50121523400,38.00535092830
Census Tract 107,-122.41004663100,37.79851399480
Census Tract 1070,-122.58397040900,38.03860138890
Census Tract 108,-122.41429139500,37.79649839800
Census Tract 1081,-122.56173297900,38.01774486750
Census Tract 1082,-122.54758330700,37.99888823360
Census Tract 109,-122.42055989600,37.79803696650
Census Tract 1090.01,-122.53053197500,37.98153052340
Census Tract 1090.02,-122.54890589100,37.98395327870
Census Tract 110,-122.41979779600,37.79437662250
Census Tract 1101,-122.50892471300,37.98248615870
Census Tract 1102,-122.47225387300,37.98389887120
Census Tract 111,-122.41908188100,37.79074336380
Census Tract 1110,-122.53685930600,37.97028492770
Census Tract 112,-122.41273326000,37.79297126240
Census Tract 1121,-122.52055262700,37.96102885710
Census Tract 1122.01,-122.50486519500,37.96626802020
Census Tract 1122.02,-122.49255130600,37.95716304460
Census Tract 113,-122.40934926500,37.79469715370
Census Tract 1130,-122.66650841100,38.01393077340
Census Tract 1141,-122.59410621000,37.97627812400
Census Tract 1142,-122.59963599000,38.00296914180
Census Tract 1150,-122.58323210400,38.00606296300
Census Tract 1160,-122.57587250900,37.97964111060
Census Tract 117,-122.40347483500,37.79049752260
Census Tract 1170,-122.56411008700,37.97461071160
Census Tract 118,-122.40616450000,37.79335057080
Census Tract 1181,-122.56160066300,37.96367507330
Census Tract 119.01,-122.41391420500,37.79047284240
Census Tract 119.02,-122.40980667800,37.79099592260
Census Tract 1191,-122.55315247500,37.94739575590
Census Tract 1192.01,-122.52872166200,37.94547370820
Census Tract 1192.02,-122.52475849100,37.95181991070
Census Tract 120,-122.41852732800,37.78796450990
Census Tract 1200,-122.53771230600,37.93577452140
Census Tract 121,-122.41188806000,37.78880657480
Census Tract 1211,-122.52285247200,37.92404836260
Census Tract 1212,-122.49984814600,37.93094499760
Census Tract 122.01,-122.41635350000,37.78584643660
Census Tract 122.02,-122.41964430000,37.78541220030
Census Tract 1220,-122.49068809100,37.94059762090
Census Tract 123.01,-122.41074611900,37.78592027760
Census Tract 123.02,-122.41209693200,37.78702227560
Census Tract 1230,-122.47019223200,37.87052420500
Census Tract 124.01,-122.41578905100,37.78305102920
Census Tract 124.02,-122.41776904300,37.78014678210
Census Tract 1241,-122.48957468500,37.90355188780
Census Tract 1242,-122.45114699800,37.87809252500
Census Tract 125.01,-122.41098365800,37.78301374940
Census Tract 125.02,-122.41259540500,37.78393297900
Census Tract 1250,-122.50621831200,37.88853952200
Census Tract 126.01,-122.43915086100,37.80226827300
Census Tract 126.02,-122.43323589100,37.80735356890
Census Tract 1261,-122.54048713300,37.91215161890
Census Tract 1262,-122.52200811000,37.90072460950
Census Tract 127,-122.44492745700,37.80466895040
Census Tract 1270,-122.55850578200,37.91044067970
Census Tract 128,-122.44174647200,37.79780989180
Census Tract 1281,-122.53160820600,37.87170018890
Census Tract 1282,-122.54605866800,37.89338631540
Census Tract 129.01,-122.42724907400,37.80195969450
Census Tract 129.02,-122.43211045600,37.80061828480
Census Tract 1290,-122.51282083700,37.86887101200
Census Tract 130,-122.43051715600,37.79724418270
Census Tract 1302.01,-122.48553761000,37.85107686390
Census Tract 1302.02,-122.49093928500,37.86276100520
Census Tract 131.01,-122.42474957700,37.79377954270
Census Tract 131.02,-122.42743132200,37.79262004740
Census Tract 1311,-122.60120728700,37.91952034060
Census Tract 132,-122.43874548200,37.79366752700
Census Tract 1321,-122.68058262800,37.92004958650
Census Tract 1322,-122.86064242400,38.05525788800
Census Tract 133,-122.45242923600,37.78873070530
Census Tract 1330,-122.79405284200,38.17089274540
Census Tract 134,-122.44079900100,37.78984896730
Census Tract 135,-122.43255508100,37.79089762540
Census Tract 151,-122.42340507100,37.78744252460
Census Tract 152,-122.43026655600,37.78791390030
Census Tract 153,-122.43933459700,37.78676177840
Census Tract 154,-122.45103409000,37.78436225380
Census Tract 155,-122.43414632200,37.78509421520
Census Tract 156,-122.45642689900,37.77824733510
Census Tract 157,-122.44800717100,37.77891584170
Census Tract 158.01,-122.43735851200,37.78130451720
Census Tract 158.02,-122.43850232700,37.77807900190
Census Tract 159,-122.42934056600,37.78334546220
Census Tract 160,-122.42249147700,37.78233914280
Census Tract 161,-122.42866304400,37.77998302320
Census Tract 162,-122.42288065300,37.77715412520
Census Tract 163,-122.42955092200,37.77604561200
Census Tract 164,-122.43697294300,37.77509949210
Census Tract 165,-122.44778828400,37.77419570500
Census Tract 166,-122.44745381900,37.77049415850
Census Tract 167,-122.43773570800,37.77034811610
Census Tract 168.01,-122.42901331200,37.77133088270
Census Tract 168.02,-122.42492997800,37.77354639810
Census Tract 169,-122.43246899800,37.76709806490
Census Tract 170,-122.43949722200,37.76488731270
Census Tract 171.01,-122.44608364700,37.76572457370
Census Tract 171.02,-122.45047535300,37.76543538170
Census Tract 176.01,-122.41072494900,37.77944240940
Census Tract 177,-122.41249015400,37.76804214290
Census Tract 178.01,-122.40115889400,37.78202844730
Census Tract 178.02,-122.40870314800,37.77606495210
Census Tract 179.02,-122.37279611700,37.80501034580
Census Tract 180,-122.40227608200,37.77533041670
Census Tract 201,-122.42000235000,37.76860855070
Census Tract 202,-122.42417771600,37.76712439930
Census Tract 203,-122.42943381000,37.76493737600
Census Tract 204.01,-122.44348355800,37.75951666460
Census Tract 204.02,-122.44441154400,37.75283918790
Census Tract 205,-122.43702963900,37.75912822530
Census Tract 206,-122.43034289300,37.75956259750
Census Tract 207,-122.42355302600,37.75916796140
Census Tract 208,-122.41914866400,37.75943314370
Census Tract 209,-122.41841340600,37.75182116190
Census Tract 210,-122.42285210100,37.75157583720
Census Tract 211,-122.42981544200,37.75397085960
Census Tract 212,-122.43812611900,37.75317618020
Census Tract 213,-122.43846843900,37.74926476450
Census Tract 214,-122.42940967300,37.74957576150
Census Tract 215,-122.42669746000,37.74505182480
Census Tract 216,-122.43813996400,37.74549594230
Census Tract 217,-122.43927284800,37.74028283540
Census Tract 218,-122.42909687300,37.73795393030
Census Tract 226,-122.38566205600,37.75997135740
Census Tract 227.02,-122.39560564400,37.76254366320
Census Tract 227.04,-122.40198932600,37.76095195010
Census Tract 228.01,-122.41251130000,37.76072694700
Census Tract 228.02,-122.40623363000,37.75891515220
Census Tract 228.03,-122.41208423200,37.75583681580
Census Tract 229.01,-122.41394447500,37.75120104090
Census Tract 229.02,-122.41037866500,37.75134402580
Census Tract 229.03,-122.40623523100,37.75176472030
Census Tract 230.01,-122.40176017000,37.73519184290
Census Tract 230.03,-122.39583491700,37.73267490500
Census Tract 231.02,-122.38449006700,37.73448949480
Census Tract 231.03,-122.37596539700,37.73563215630
Census Tract 232,-122.38615021900,37.72776352510
Census Tract 233,-122.39777002200,37.72541906200
Census Tract 234,-122.39009075500,37.72159160470
Census Tract 251,-122.40767406300,37.74393943530
Census Tract 252,-122.41421662200,37.74371241070
Census Tract 253,-122.42014863600,37.74370169860
Census Tract 254.01,-122.42097620000,37.73770594190
Census Tract 254.02,-122.41278599400,37.73688288290
Census Tract 254.03,-122.42060693400,37.73377046650
Census Tract 255,-122.43725910300,37.72806291920
Census Tract 256,-122.42242442200,37.72871347560
Census Tract 257.01,-122.41213996600,37.73158600710
Census Tract 257.02,-122.40575895100,37.72813053180
Census Tract 258,-122.40200189900,37.72162002900
Census Tract 259,-122.41095245400,37.72347528400
Census Tract 260.01,-122.43224338800,37.72355021250
Census Tract 260.02,-122.42628232300,37.72611956110
Census Tract 260.03,-122.42877289800,37.71962164030
Census Tract 260.04,-122.43570330900,37.71789184170
Census Tract 261,-122.44315992700,37.71962386070
Census Tract 262,-122.45395320800,37.71131705570
Census Tract 263.01,-122.43953613400,37.71386866760
Census Tract 263.02,-122.43079253500,37.71165944140
Census Tract 263.03,-122.44346626400,37.70966451780
Census Tract 264.01,-122.41128334500,37.71352506870
Census Tract 264.02,-122.40329762200,37.71648846370
Census Tract 264.03,-122.40691277900,37.71119164790
Census Tract 264.04,-122.41528380000,37.70964988320
Census Tract 301.01,-122.45973338100,37.76423756140
Census Tract 301.02,-122.45691484000,37.75836104870
Census Tract 3010,-121.63034075400,38.03794716300
Census Tract 302.01,-122.47378404100,37.76281359100
Census Tract 302.02,-122.46732727300,37.76308678840
Census Tract 3020.05,-121.73292889300,37.99931596230
Census Tract 3020.06,-121.71718521400,38.01320660470
Census Tract 3020.07,-121.70565447100,37.98371188990
Census Tract 3020.08,-121.67020542900,37.98717834130
Census Tract 3020.09,-121.74786387000,37.97140923770
Census Tract 3020.10,-121.73063335600,37.98367557640
Census Tract 303.01,-122.46922855600,37.75694126230
Census Tract 303.02,-122.47164699700,37.75194493270
Census Tract 3031.02,-121.70748742700,37.95779495260
Census Tract 3031.03,-121.66605614300,37.93660704690
Census Tract 3032.01,-121.75876716400,37.94306263920
Census Tract 3032.02,-121.71491103100,37.94240879450
Census Tract 3032.03,-121.73221522900,37.94704039880
Census Tract 3032.04,-121.70893270500,37.92896669430
Census Tract 3032.05,-121.70169994200,37.91091237530
Census Tract 304,-122.46752077200,37.74695765970
Census Tract 3040.01,-121.74028967400,37.89583581310
Census Tract 3040.02,-121.61798901600,37.84596125350
Census Tract 3040.03,-121.58446989600,37.90404380790
Census Tract 3040.04,-121.60834236400,37.90119210460
Census Tract 3040.05,-121.60610637700,37.93818820320
Census Tract 305,-122.45262004600,37.75173563570
Census Tract 3050,-121.83099445400,38.01624309940
Census Tract 306,-122.45713885800,37.74375347730
Census Tract 3060.02,-121.76830050700,38.00884661760
Census Tract 3060.03,-121.79944122600,38.00533316520
Census Tract 3060.04,-121.78583724300,38.00854895140
Census Tract 307,-122.45020580300,37.73741480160
Census Tract 3071.01,-121.81554586500,37.98665635300
Census Tract 3071.02,-121.81557048500,38.00047393950
Census Tract 3072.01,-121.84859082800,38.00248650730
Census Tract 3072.02,-121.82780073500,38.00370195300
Census Tract 3072.04,-121.83087065100,37.99468476190
Census Tract 3072.05,-121.83781647300,37.99075365300
Census Tract 308,-122.46786567700,37.73919089810
Census Tract 3080.01,-121.79639902800,37.99187328060
Census Tract 3080.02,-121.76670667800,37.98868609380
Census Tract 309,-122.46826604000,37.72831339720
Census Tract 3090,-121.86612732200,38.03977813560
Census Tract 310,-122.45715828300,37.72862005080
Census Tract 3100,-121.89178626400,38.02648375170
Census Tract 311,-122.44616132000,37.72963548960
Census Tract 3110,-121.89356248100,38.02142209590
Census Tract 312.01,-122.45733713100,37.72178145600
Census Tract 312.02,-122.45239555100,37.71932859350
Census Tract 3120,-121.86945287200,38.01513478430
Census Tract 313.01,-122.46786922900,37.71932609400
Census Tract 313.02,-122.46709761700,37.71339611900
Census Tract 3131.01,-121.88284308300,38.00643780360
Census Tract 3131.02,-121.86451654600,38.00405960930
Census Tract 3131.03,-121.87543871200,37.98091895050
Census Tract 3132.03,-121.92356681100,38.00974606010
Census Tract 3132.04,-121.92365955100,37.98892997250
Census Tract 3132.05,-121.91664910300,38.01629898410
Census Tract 3132.06,-121.89936529900,38.01391544620
Census Tract 314,-122.45714407300,37.71472095810
Census Tract 3141.02,-121.91723845500,38.03309085060
Census Tract 3141.03,-121.94476902000,38.03893014170
Census Tract 3141.04,-121.94432451400,38.02321920660
Census Tract 3142,-121.97266120500,38.04807668100
Census Tract 3150,-122.03079889600,38.03643057320
Census Tract 3160,-122.13887066200,38.02455087120
Census Tract 3170,-122.12621211900,38.01768785960
Census Tract 3180,-122.15885230000,38.01734120640
Census Tract 3190,-122.12155163900,38.00421231360
Census Tract 3200.01,-122.09774983300,38.02429595000
Census Tract 3200.03,-122.10743098700,37.99872566370
Census Tract 3200.04,-122.07740920100,38.00207604990
Census Tract 3211.01,-122.10274035300,37.98858138560
Census Tract 3211.02,-122.09295362500,37.97541418460
Census Tract 3211.03,-122.11246847700,37.97026798200
Census Tract 3212,-122.07135732400,37.98211589830
Census Tract 3220,-122.07660810300,37.96199626110
Census Tract 3230,-122.07270619500,37.95040749410
Census Tract 3240.01,-122.05579280200,37.93877759090
Census Tract 3240.02,-122.06056062500,37.95149910140
Census Tract 3250,-122.07434358600,37.93547261020
Census Tract 326.01,-122.48079869500,37.76248937950
Census Tract 326.02,-122.48257979500,37.75889873940
Census Tract 3260,-122.08844900800,37.93740613680
Census Tract 327,-122.49116961300,37.76016912190
Census Tract 3270,-122.05322717300,37.98494534630
Census Tract 328.01,-122.48043553200,37.74601900280
Census Tract 328.02,-122.48148506800,37.75240264140
Census Tract 3280,-122.03784051500,37.97565420240
Census Tract 329.01,-122.49018731000,37.74615398510
Census Tract 329.02,-122.49064643600,37.75268039670
Census Tract 3290,-122.03387962600,37.99476507130
Census Tract 330,-122.48482436800,37.73852635780
Census Tract 3300,-122.02604906200,37.98869731250
Census Tract 331,-122.48723603300,37.73220186330
Census Tract 3310,-122.01217959800,37.97623906610
Census Tract 332.01,-122.47966494000,37.72626993150
Census Tract 332.03,-122.47825072800,37.71592677280
Census Tract 332.04,-122.48040627600,37.71962100720
Census Tract 3320,-121.99769081800,37.98184140300
Census Tract 3331.01,-121.97012456700,37.96490334320
Census Tract 3331.02,-121.95808516500,37.95984080890
Census Tract 3332,-121.98514385500,37.96898006100
Census Tract 3340.01,-122.00174698100,37.96316450550
Census Tract 3340.04,-121.97779289300,37.95525287760
Census Tract 3340.06,-121.98714444200,37.95187471240
Census Tract 3342,-122.05419736100,37.87353184870
Census Tract 3350,-122.02037049600,37.96910796000
Census Tract 3361.01,-122.03451238500,37.96681683600
Census Tract 3361.02,-122.03984603700,37.96593792400
Census Tract 3362.01,-122.04750229100,37.96046257450
Census Tract 3362.02,-122.04460797100,37.95503672080
Census Tract 3371,-122.01481266900,37.95720739190
Census Tract 3372,-122.02677760900,37.95152525480
Census Tract 3373,-122.00809353500,37.94021678140
Census Tract 3381.01,-122.04253522100,37.94887778580
Census Tract 3381.02,-122.04171634100,37.94122797710
Census Tract 3382.01,-122.03104507300,37.93149235860
Census Tract 3382.03,-122.05409467500,37.92563332200
Census Tract 3382.04,-122.04709858400,37.91887484880
Census Tract 3383.01,-122.01966100300,37.92003162130
Census Tract 3383.02,-122.01458483100,37.90675529920
Census Tract 3390.01,-122.05842425400,37.89177903940
Census Tract 3390.02,-122.06304633100,37.90623425790
Census Tract 3400.01,-122.06895266500,37.92323759970
Census Tract 3400.02,-122.08442050300,37.91069731080
Census Tract 3410,-122.08395050400,37.88626856620
Census Tract 3430.01,-122.04596125400,37.89311433400
Census Tract 3430.02,-122.03964282100,37.90351589530
Census Tract 3430.03,-122.02902154300,37.88639129960
Census Tract 3451.01,-121.93856182500,37.73193056000
Census Tract 3451.02,-121.94803954500,37.74498606110
Census Tract 3451.03,-121.92839516900,37.73874835000
Census Tract 3451.05,-121.97956826800,37.79663806960
Census Tract 3451.08,-121.95352611100,37.77302068060
Census Tract 3451.11,-121.95262034800,37.75705882750
Census Tract 3451.12,-121.92742389500,37.76143521620
Census Tract 3451.13,-121.94178810900,37.79556742830
Census Tract 3451.14,-121.96509806300,37.79928071070
Census Tract 3451.15,-121.97561364000,37.74214849230
Census Tract 3451.16,-121.97422350300,37.76425799990
Census Tract 3452.02,-121.98974901500,37.77798998740
Census Tract 3452.03,-122.02255772600,37.80523940190
Census Tract 3452.04,-122.04219686000,37.83523092520
Census Tract 3461.01,-122.00695325000,37.88101166720
Census Tract 3461.02,-121.98372000300,37.86370821840
Census Tract 3462.01,-121.97581680100,37.84492949890
Census Tract 3462.03,-121.98621261700,37.81996981750
Census Tract 3462.04,-121.95062403000,37.81949620390
Census Tract 3470,-122.12095344800,37.93295313580
Census Tract 3480,-122.13196614800,37.90265682890
Census Tract 3490,-122.10407927200,37.88958247580
Census Tract 3500,-122.13889358600,37.87873802280
Census Tract 351,-122.49915178500,37.75762904360
Census Tract 3511.01,-122.06514824000,37.85262167910
Census Tract 3511.02,-122.08012848600,37.87289847340
Census Tract 3511.03,-122.06380589000,37.86443614950
Census Tract 3512,-122.10482090700,37.86822334830
Census Tract 352.01,-122.50974548900,37.75544517460
Census Tract 352.02,-122.50614695200,37.76139956400
Census Tract 3521.01,-122.09350907100,37.84566763640
Census Tract 3521.02,-122.10408362900,37.81873997320
Census Tract 3522.01,-122.13929984700,37.85297242830
Census Tract 3522.02,-122.15948353000,37.82964462660
Census Tract 353,-122.49784488900,37.74250254430
Census Tract 3530.01,-122.18123391700,37.85667080180
Census Tract 3530.02,-122.16841879900,37.87950416140
Census Tract 354,-122.50736402000,37.74221414240
Census Tract 3540.01,-122.21666412100,37.88381579220
Census Tract 3540.02,-122.18245780000,37.90274364430
Census Tract 3551.07,-121.84704012800,37.93177209710
Census Tract 3551.08,-121.80147391400,37.94475201960
Census Tract 3551.09,-121.79391531900,37.97627207690
Census Tract 3551.10,-121.76927321400,37.96788396200
Census Tract 3551.11,-121.77524173500,37.97819550480
Census Tract 3551.12,-121.78939514600,37.82523203150
Census Tract 3551.13,-121.90406914000,37.80654766310
Census Tract 3551.14,-121.90819445000,37.78730302240
Census Tract 3551.15,-121.91275682400,37.76316038880
Census Tract 3551.16,-121.88114985600,37.77332236030
Census Tract 3551.17,-121.89683907400,37.74603881250
Census Tract 3552,-121.97580932300,37.99713073760
Census Tract 3553.01,-121.96994969500,37.93740624760
Census Tract 3553.02,-121.99421704400,37.92123983140
Census Tract 3553.04,-121.92884428000,37.95059325430
Census Tract 3553.06,-121.92581887900,37.89348955890
Census Tract 3560.01,-122.22747121300,38.02450221450
Census Tract 3560.02,-122.20101670100,37.95710100530
Census Tract 3570,-122.20114027500,38.04230866540
Census Tract 3580,-122.25355529000,38.04733268350
Census Tract 3591.02,-122.30686613300,38.00585308020
Census Tract 3591.03,-122.29264410200,38.00325372410
Census Tract 3591.04,-122.27803947300,38.00952032490
Census Tract 3591.05,-122.28767610900,38.01682748070
Census Tract 3592.02,-122.25008846700,37.98318501090
Census Tract 3592.03,-122.25631791600,38.00871046980
Census Tract 3592.04,-122.26543346400,37.99951369100
Census Tract 3601.01,-122.28721830600,37.98255446020
Census Tract 3601.02,-122.26590176700,37.96834617290
Census Tract 3602,-122.29440887100,37.96890984000
Census Tract 3610,-122.28817471900,37.94345149420
Census Tract 3620,-122.31527253300,37.94571897570
Census Tract 3630,-122.30870310700,37.97886746660
Census Tract 3640.02,-122.31734153700,37.99389950040
Census Tract 3650.02,-122.37940616200,37.96302911870
Census Tract 3650.03,-122.32770056900,37.98306521070
Census Tract 3660.01,-122.34594351900,37.97613893550
Census Tract 3660.02,-122.35093365400,37.96900650570
Census Tract 3671,-122.33024932100,37.97258510060
Census Tract 3672,-122.33555582700,37.96602622090
Census Tract 3680.01,-122.35250059300,37.95427529440
Census Tract 3680.02,-122.35208445800,37.96105920450
Census Tract 3690.01,-122.33659528700,37.95677434290
Census Tract 3690.02,-122.32366386700,37.95872274130
Census Tract 3700,-122.32233455700,37.93987797700
Census Tract 3710,-122.32995140800,37.94030807590
Census Tract 3720,-122.33994669100,37.94851618880
Census Tract 3730,-122.35381326600,37.94761921390
Census Tract 3740,-122.34148819000,37.93941762420
Census Tract 3750,-122.35182156000,37.94025685740
Census Tract 3760,-122.36242869700,37.94101649550
Census Tract 3770,-122.36302442700,37.93377885540
Census Tract 3780,-122.39379741400,37.93621359970
Census Tract 3790,-122.35671161900,37.92830661670
Census Tract 3800,-122.34352618900,37.90651779740
Census Tract 3810,-122.33507376100,37.93019763890
Census Tract 3820,-122.32299605000,37.91599196370
Census Tract 3830,-122.31171217300,37.90902048430
Census Tract 3840,-122.31219827100,37.93408412000
Census Tract 3851,-122.29575209000,37.92423185890
Census Tract 3852,-122.30873447800,37.92747622220
Census Tract 3860,-122.31559542300,37.92267427070
Census Tract 3870,-122.30592171100,37.91704437880
Census Tract 3880,-122.30221511500,37.90896759810
Census Tract 3891,-122.29806710400,37.90224024410
Census Tract 3892,-122.30529150100,37.90112577770
Census Tract 3901,-122.29347805000,37.91393933620
Census Tract 3902,-122.29117640700,37.90455645850
Census Tract 3910,-122.28431371500,37.90719212500
Census Tract 3920,-122.27551393700,37.90943750540
Census Tract 3922,-122.35271533700,37.99371998240
Census Tract 3923,-122.27594450400,38.02641457150
Census Tract 4001,-122.23194659400,37.86762811700
Census Tract 4002,-122.24959661000,37.84813858810
Census Tract 4003,-122.25443630100,37.84059833010
Census Tract 4004,-122.25745322500,37.84828039560
Census Tract 4005,-122.26472764200,37.84854126140
Census Tract 4006,-122.26488813100,37.84199094290
Census Tract 4007,-122.27235289400,37.84176680190
Census Tract 4008,-122.28339442000,37.84546750560
Census Tract 4009,-122.28026458500,37.83949120780
Census Tract 401,-122.46181499100,37.78515878370
Census Tract 4010,-122.27190134300,37.83122556150
Census Tract 4011,-122.26385811800,37.83050395560
Census Tract 4012,-122.25790013000,37.83061403650
Census Tract 4013,-122.26669765700,37.81811627360
Census Tract 4014,-122.27338746000,37.82075610470
Census Tract 4015,-122.28063364400,37.82292861900
Census Tract 4016,-122.28148257500,37.81737157660
Census Tract 4017,-122.31411516600,37.82070186620
Census Tract 4018,-122.29823548800,37.80953266800
Census Tract 402,-122.46838691900,37.78433029240
Census Tract 4022,-122.29630721100,37.80635221310
Census Tract 4024,-122.28245690300,37.81203100030
Census Tract 4025,-122.28478029500,37.80573057340
Census Tract 4026,-122.27995511400,37.80427009650
Census Tract 4027,-122.27699100700,37.81038736790
Census Tract 4028,-122.27150004700,37.80871802250
Census Tract 4029,-122.26678459500,37.80717211590
Census Tract 4030,-122.27072732000,37.80043415300
Census Tract 4031,-122.27550116900,37.80227412220
Census Tract 4033,-122.26646795500,37.79449646970
Census Tract 4034,-122.25897899100,37.80457981750
Census Tract 4035.01,-122.26005017100,37.81773987800
Census Tract 4035.02,-122.25694001500,37.81596188920
Census Tract 4036,-122.25348034500,37.81350753050
Census Tract 4037.01,-122.25866558800,37.81121339080
Census Tract 4037.02,-122.25209330100,37.80949787740
Census Tract 4038,-122.24166800900,37.81482284460
Census Tract 4039,-122.24877131900,37.81717844940
Census Tract 4040,-122.25366280000,37.82331258940
Census Tract 4041.01,-122.24981600800,37.83007944750
Census Tract 4041.02,-122.25106674800,37.82602186350
Census Tract 4042,-122.23446642000,37.83611334220
Census Tract 4043,-122.23817071600,37.84541829420
Census Tract 4044,-122.21506884800,37.84624320380
Census Tract 4045.01,-122.21575176700,37.82630715320
Census Tract 4045.02,-122.20261514400,37.83452598490
Census Tract 4046,-122.19121998400,37.81985912750
Census Tract 4047,-122.20699349700,37.81334273110
Census Tract 4048,-122.21319619300,37.80550765610
Census Tract 4049,-122.22150581100,37.80414224090
Census Tract 4050,-122.22764446200,37.80827645520
Census Tract 4051,-122.23223646900,37.81142497830
Census Tract 4052,-122.24338784600,37.80527697400
Census Tract 4053.01,-122.25135580900,37.80207572220
Census Tract 4053.02,-122.25431379800,37.79850752790
Census Tract 4054.01,-122.24945620800,37.79653842600
Census Tract 4054.02,-122.24610059700,37.79333195170
Census Tract 4055,-122.24327907900,37.79828214050
Census Tract 4056,-122.23727257200,37.80080187860
Census Tract 4057,-122.22967372100,37.79823074170
Census Tract 4058,-122.23309854200,37.79394517150
Census Tract 4059.01,-122.23577005300,37.78778601320
Census Tract 4059.02,-122.24095298000,37.79094467590
Census Tract 4060,-122.25030522200,37.78655662670
Census Tract 4061,-122.22783177900,37.77375108480
Census Tract 4062.01,-122.23073591400,37.78504487620
Census Tract 4062.02,-122.22655568800,37.78197861530
Census Tract 4063,-122.22501249200,37.78928811870
Census Tract 4064,-122.22186952900,37.79556089390
Census Tract 4065,-122.21698660500,37.78808135760
Census Tract 4066.01,-122.20796057400,37.79360935710
Census Tract 4066.02,-122.21430721200,37.79647822940
Census Tract 4067,-122.20222475000,37.80331645500
Census Tract 4068,-122.19495731700,37.79789447160
Census Tract 4069,-122.19037882500,37.79327545720
Census Tract 4070,-122.20249002100,37.78794581930
Census Tract 4071.01,-122.21439651000,37.78312871310
Census Tract 4071.02,-122.21023835700,37.78077621870
Census Tract 4072,-122.21928201100,37.77778487950
Census Tract 4073,-122.21249856700,37.76304381820
Census Tract 4074,-122.20674800000,37.77104067240
Census Tract 4075,-122.19760908400,37.76951504050
Census Tract 4076,-122.20319907200,37.77752938590
Census Tract 4077,-122.19319655800,37.77652278150
Census Tract 4078,-122.18665998300,37.78174154830
Census Tract 4079,-122.18478305000,37.78842733730
Census Tract 4080,-122.18287141000,37.80296072760
Census Tract 4081,-122.15721237700,37.78539893300
Census Tract 4082,-122.17557293000,37.77510055480
Census Tract 4083,-122.16451685300,37.77109801970
Census Tract 4084,-122.17095959700,37.76460558700
Census Tract 4085,-122.17851112800,37.76041763210
Census Tract 4086,-122.18230272500,37.76619760350
Census Tract 4087,-122.18894558200,37.76886089370
Census Tract 4088,-122.19694220300,37.75880399950
Census Tract 4089,-122.18878014800,37.75418155530
Census Tract 4090,-122.21462796600,37.72746056650
Census Tract 4091,-122.18348274500,37.73234200120
Census Tract 4092,-122.17783892800,37.72908304920
Census Tract 4093,-122.17335981100,37.73784670290
Census Tract 4094,-122.18036223200,37.74461301580
Census Tract 4095,-122.18376575000,37.75044625670
Census Tract 4096,-122.17261978100,37.75326697220
Census Tract 4097,-122.16589294600,37.75641879450
Census Tract 4098,-122.15576369700,37.76036123090
Census Tract 4099,-122.13582596000,37.76197277960
Census Tract 4100,-122.13235004900,37.74397362230
Census Tract 4101,-122.15352962100,37.74786418680
Census Tract 4102,-122.15717452300,37.74530646150
Census Tract 4103,-122.16614070800,37.74667981210
Census Tract 4104,-122.16217411800,37.74081608990
Census Tract 4105,-122.28895695400,37.81001603830
Census Tract 4201,-122.29102140400,37.89477317670
Census Tract 4202,-122.29746780500,37.89446575570
Census Tract 4203,-122.31342667400,37.89261517760
Census Tract 4204,-122.31765053200,37.88476751810
Census Tract 4205,-122.29500486700,37.88670598830
Census Tract 4206,-122.28706218700,37.88703351700
Census Tract 4211,-122.26619284100,37.89943410930
Census Tract 4212,-122.27474445200,37.89733888880
Census Tract 4213,-122.28136651100,37.89110956400
Census Tract 4214,-122.27092192800,37.88834087720
Census Tract 4215,-122.25943504200,37.89172293450
Census Tract 4216,-122.25597793100,37.88393950960
Census Tract 4217,-122.27018424100,37.88193980100
Census Tract 4218,-122.27820055200,37.88028541380
Census Tract 4219,-122.28963501300,37.87948748510
Census Tract 4220,-122.31029969100,37.86430468810
Census Tract 4221,-122.29653365100,37.87330679910
Census Tract 4222,-122.28781710900,37.87288277930
Census Tract 4223,-122.27791514500,37.87407225240
Census Tract 4224,-122.26958781600,37.87523963620
Census Tract 4225,-122.26031825500,37.87731302980
Census Tract 4226,-122.25462676900,37.87377236050
Census Tract 4227,-122.24949102300,37.86792344030
Census Tract 4228,-122.25997900500,37.86678747260
Census Tract 4229,-122.26924697300,37.86788992680
Census Tract 4230,-122.27713515400,37.86684412530
Census Tract 4231,-122.28631969800,37.86580705010
Census Tract 4232,-122.29368569500,37.86451642910
Census Tract 4233,-122.28420166900,37.85732815020
Census Tract 4234,-122.27588397700,37.85837357850
Census Tract 4235,-122.26804799400,37.85936122240
Census Tract 4236.01,-122.25871900900,37.85888978250
Census Tract 4236.02,-122.25926833100,37.86318273310
Census Tract 4237,-122.24900929200,37.86182841310
Census Tract 4238,-122.24401706200,37.85475206550
Census Tract 4239.01,-122.26756733200,37.85224143990
Census Tract 4239.02,-122.25738574800,37.85475673270
Census Tract 4240.01,-122.27462284100,37.85036940860
Census Tract 4240.02,-122.28153749100,37.85047709660
Census Tract 4251.01,-122.30651483800,37.83955209050
Census Tract 4251.02,-122.29463378800,37.83987163470
Census Tract 4251.03,-122.28980970400,37.84254928140
Census Tract 4251.04,-122.28332456500,37.83265845450
Census Tract 426.01,-122.48119103900,37.78312235600
Census Tract 426.02,-122.47547887900,37.78338477290
Census Tract 4261,-122.22528853000,37.82161421080
Census Tract 4262,-122.24064102800,37.82462629580
Census Tract 427,-122.48814505500,37.78227151000
Census Tract 4271,-122.23090664100,37.76453976710
Census Tract 4272,-122.24780095300,37.77626585340
Census Tract 4273,-122.26602009300,37.78121038320
Census Tract 4276,-122.28359788800,37.77783222280
Census Tract 4277,-122.28513658000,37.76917017990
Census Tract 4278,-122.26905818800,37.77149223680
Census Tract 4279,-122.25824542800,37.76980454860
Census Tract 428,-122.48880718200,37.78827663460
Census Tract 4280,-122.24754043100,37.76664137880
Census Tract 4281,-122.23428021800,37.75965671440
Census Tract 4282,-122.24003295200,37.75359412270
Census Tract 4283.01,-122.24150262300,37.73371194760
Census Tract 4283.02,-122.24898759900,37.74312809290
Census Tract 4284,-122.25672936900,37.75152796650
Census Tract 4285,-122.25997005700,37.75964929910
Census Tract 4286,-122.27232890900,37.76322350630
Census Tract 4287,-122.30655885700,37.78315856250
Census Tract 4301.01,-122.01527766400,37.72724061240
Census Tract 4301.02,-122.08202822700,37.76688952960
Census Tract 4302,-122.06156579300,37.72167611930
Census Tract 4303,-122.08372732400,37.71913226370
Census Tract 4304,-122.10132989700,37.72073294860
Census Tract 4305,-122.10916324600,37.70492664550
Census Tract 4306,-122.09696418200,37.70417602510
Census Tract 4307,-122.08222546400,37.70609482630
Census Tract 4308,-122.06503478200,37.69922442610
Census Tract 4309,-122.08283214600,37.69827837210
Census Tract 4310,-122.07845744500,37.69293109280
Census Tract 4311,-122.06729458200,37.68811431350
Census Tract 4312,-122.08290474600,37.68552976910
Census Tract 4321,-122.14660488500,37.73604957670
Census Tract 4322,-122.15624524800,37.73305443920
Census Tract 4323,-122.16565019300,37.73087549060
Census Tract 4324,-122.18767532700,37.70977987380
Census Tract 4325.01,-122.16614811500,37.71671618830
Census Tract 4325.02,-122.17347891400,37.72345486840
Census Tract 4326,-122.15515394400,37.72269217960
Census Tract 4327,-122.14284373200,37.72707029740
Census Tract 4328,-122.12381259300,37.72122806510
Census Tract 4330,-122.13547111300,37.71586435810
Census Tract 4331.02,-122.13350217500,37.70215700640
Census Tract 4331.03,-122.13905888900,37.70932885150
Census Tract 4331.04,-122.14699370400,37.71426418440
Census Tract 4332,-122.14707849300,37.70175026770
Census Tract 4333,-122.15745801200,37.69858027450
Census Tract 4334,-122.17249407500,37.68559653610
Census Tract 4335,-122.15531720400,37.68450576360
Census Tract 4336,-122.14381899200,37.68604173560
Census Tract 4337,-122.11462940300,37.68764326060
Census Tract 4338,-122.12348196500,37.69881461860
Census Tract 4339,-122.11353932400,37.69926553640
Census Tract 4340,-122.11029544300,37.69236211510
Census Tract 4351.02,-122.04573244900,37.65522314630
Census Tract 4351.03,-121.98280140700,37.65167817920
Census Tract 4351.04,-122.03884267600,37.63851422620
Census Tract 4352,-122.05077660100,37.68598503690
Census Tract 4353,-122.06466583500,37.68077900040
Census Tract 4354,-122.08315679500,37.67392659700
Census Tract 4355,-122.09333007200,37.68093696880
Census Tract 4356.01,-122.10226547000,37.67466895240
Census Tract 4356.02,-122.10699950100,37.68192780000
Census Tract 4357,-122.11611492800,37.67867453040
Census Tract 4358,-122.12962129700,37.67939032420
Census Tract 4359,-122.14776430000,37.67212873780
Census Tract 4360,-122.13752162300,37.66917783010
Census Tract 4361,-122.12361905500,37.67175852560
Census Tract 4362,-122.11212003000,37.66850472790
Census Tract 4363,-122.09172006300,37.66627411770
Census Tract 4364.01,-122.06509145100,37.67152268780
Census Tract 4364.02,-122.04047841500,37.66684863140
Census Tract 4365,-122.06889772600,37.65864495350
Census Tract 4366.01,-122.07889483200,37.65677775430
Census Tract 4366.02,-122.08519435200,37.65182015070
Census Tract 4367,-122.10051966200,37.66197081450
Census Tract 4368,-122.09445029600,37.65357332090
Census Tract 4369,-122.10972066200,37.66035052440
Census Tract 4370,-122.10157530200,37.64714424370
Census Tract 4371.01,-122.12669574800,37.61203057260
Census Tract 4371.02,-122.10027481600,37.62986556000
Census Tract 4372,-122.11159856300,37.64317288320
Census Tract 4373,-122.09298954300,37.63621577260
Census Tract 4374,-122.08763961200,37.64281760050
Census Tract 4375,-122.07939016000,37.64403366160
Census Tract 4376,-122.08048341600,37.63536027600
Census Tract 4377.01,-122.06974906500,37.63486646970
Census Tract 4377.02,-122.07344928000,37.63844403810
Census Tract 4378,-122.06869740800,37.64314383450
Census Tract 4379,-122.06131386100,37.64282845150
Census Tract 4380,-122.02846839700,37.61908293930
Census Tract 4381,-122.03894977200,37.61815181400
Census Tract 4382.01,-122.07643887600,37.62626825130
Census Tract 4382.03,-122.05742425500,37.61559168090
Census Tract 4382.04,-122.05962571000,37.62705971540
Census Tract 4383,-122.08852306000,37.62822409630
Census Tract 4384,-122.08260417500,37.61845115330
Census Tract 4401,-121.98138132000,37.61627386790
Census Tract 4402,-122.02251898300,37.60036234780
Census Tract 4403.01,-122.04273593300,37.60118617300
Census Tract 4403.04,-122.07661560900,37.58687218190
Census Tract 4403.05,-122.07467185100,37.57738065060
Census Tract 4403.06,-122.06836326300,37.58498906470
Census Tract 4403.07,-122.04868714000,37.59114188100
Census Tract 4403.08,-122.02781705200,37.58931706540
Census Tract 4403.31,-122.08334069400,37.59822481330
Census Tract 4403.32,-122.08581164600,37.58267154030
Census Tract 4403.33,-122.07381205000,37.60533714350
Census Tract 4403.34,-122.06486220000,37.59379407850
Census Tract 4403.35,-122.01228425200,37.59135097970
Census Tract 4403.36,-122.01750120400,37.58116330760
Census Tract 4411,-121.96205869000,37.58529871430
Census Tract 4412,-121.98886162500,37.57721045580
Census Tract 4413.01,-122.00265857800,37.57172520750
Census Tract 4413.02,-122.01943495300,37.56934265690
Census Tract 4414.01,-122.03767559400,37.57356840120
Census Tract 4414.02,-122.03987306600,37.58237927490
Census Tract 4415.01,-122.07244097400,37.56997496300
Census Tract 4415.03,-122.02818811300,37.50427425380
Census Tract 4415.21,-122.05325849400,37.57293010740
Census Tract 4415.22,-122.05725464500,37.58455951960
Census Tract 4415.23,-122.04648821800,37.56477644890
Census Tract 4415.24,-122.05069288100,37.55947813500
Census Tract 4416.01,-122.03053724000,37.56350075250
Census Tract 4416.02,-122.02123406100,37.55696205190
Census Tract 4417,-122.01162940600,37.55320752100
Census Tract 4418,-121.99157421600,37.55919677940
Census Tract 4419.21,-121.96780763800,37.54242234870
Census Tract 4419.23,-121.98500843200,37.55097324550
Census Tract 4419.24,-121.97324940400,37.56476604000
Census Tract 4419.25,-121.96362243400,37.55297290150
Census Tract 4419.26,-121.97871033400,37.54080033860
Census Tract 4419.27,-121.97657700800,37.54650212040
Census Tract 4420,-121.93510757800,37.55925413710
Census Tract 4421,-121.94986195700,37.54827268170
Census Tract 4422,-121.94216320000,37.53456623560
Census Tract 4423.01,-121.96151639000,37.52782259550
Census Tract 4423.02,-121.96012040000,37.53625140190
Census Tract 4424,-121.97377932300,37.53138075610
Census Tract 4425,-121.98714727600,37.53714402870
Census Tract 4426.01,-121.99766134500,37.54430619550
Census Tract 4426.02,-122.00498342900,37.54819177370
Census Tract 4427,-122.00810964200,37.53715141210
Census Tract 4428,-121.99310043400,37.52936188280
Census Tract 4429,-121.97483749900,37.51840948900
Census Tract 4430.01,-121.95152382700,37.51842189070
Census Tract 4430.02,-121.96059175300,37.51683445710
Census Tract 4431.02,-121.92714881400,37.50722470780
Census Tract 4431.03,-121.90280252600,37.52735508350
Census Tract 4431.04,-121.92668678600,37.53137754260
Census Tract 4431.05,-121.93225636900,37.52183553540
Census Tract 4432,-121.89642255800,37.48711241320
Census Tract 4433.01,-121.91295585000,37.47073280040
Census Tract 4433.21,-121.92428585900,37.49027040490
Census Tract 4433.22,-121.91983517800,37.48298314750
Census Tract 4441,-122.03633518700,37.55123295780
Census Tract 4442,-122.04572826600,37.54254343580
Census Tract 4443.01,-122.05710170900,37.53651924980
Census Tract 4443.02,-122.04738500200,37.51252870970
Census Tract 4444,-122.03533765000,37.53623156580
Census Tract 4445,-122.02736533200,37.53426558870
Census Tract 4446.01,-122.01624765400,37.52705685080
Census Tract 4446.02,-122.00306684800,37.51225733430
Census Tract 4501.01,-121.88514529800,37.70516124810
Census Tract 4501.02,-121.89118259600,37.72082162020
Census Tract 4502,-121.91544026000,37.72245539880
Census Tract 4503,-121.91779444200,37.71087397790
Census Tract 4504,-121.93251147000,37.71302116810
Census Tract 4505.01,-121.94195714100,37.70685457560
Census Tract 4505.02,-121.96780306400,37.71018058750
Census Tract 4506.01,-121.93080792400,37.65334836470
Census Tract 4506.02,-121.91305443600,37.67103254410
Census Tract 4506.03,-121.91071514000,37.68902118970
Census Tract 4506.04,-121.88655261600,37.68118966350
Census Tract 4506.05,-121.88199570100,37.67211033180
Census Tract 4506.06,-121.89975898100,37.66947060190
Census Tract 4506.07,-121.88747358200,37.65723230560
Census Tract 4507.01,-121.80739744000,37.55685096570
Census Tract 4507.41,-121.86475060600,37.66028249230
Census Tract 4507.42,-121.82886302400,37.66484787520
Census Tract 4507.43,-121.89239009300,37.69312079890
Census Tract 4507.44,-121.86515132200,37.69699584290
Census Tract 4507.45,-121.85263103100,37.68245912990
Census Tract 4507.46,-121.86858101000,37.67369305820
Census Tract 4507.50,-121.86106934000,37.70548356700
Census Tract 4507.51,-121.84283959700,37.71640080530
Census Tract 4507.52,-121.83508672200,37.73040233640
Census Tract 451,-122.46134751100,37.77758491050
Census Tract 4511.01,-121.63688898900,37.63711349550
Census Tract 4511.02,-121.78648834100,37.65067076080
Census Tract 4512.01,-121.74029187600,37.71011717570
Census Tract 4512.02,-121.76900174200,37.73469294400
Census Tract 4513,-121.81567036500,37.68962895110
Census Tract 4514.01,-121.76293066800,37.69598324290
Census Tract 4514.03,-121.78424606000,37.69123192170
Census Tract 4514.04,-121.78035207300,37.68527467030
Census Tract 4515.01,-121.73696880600,37.67334731960
Census Tract 4515.03,-121.74899712100,37.68495174370
Census Tract 4515.04,-121.73223618600,37.69794020080
Census Tract 4515.05,-121.72467154800,37.68944454560
Census Tract 4515.06,-121.72918641300,37.68335160910
Census Tract 4516.01,-121.76074500500,37.66838008350
Census Tract 4516.02,-121.77562166400,37.67124939580
Census Tract 4517.01,-121.78794707400,37.67210840610
Census Tract 4517.03,-121.80099898900,37.66729523240
Census Tract 4517.04,-121.79006287200,37.66212345960
Census Tract 452,-122.46800097300,37.77712056550
Census Tract 476,-122.47554395900,37.77677336150
Census Tract 477.01,-122.48406265600,37.77825588840
Census Tract 477.02,-122.48378885400,37.77446022750
Census Tract 478.01,-122.49211229200,37.77584275690
Census Tract 478.02,-122.49632336600,37.77743188680
Census Tract 479.01,-122.51451740600,37.78897715710
Census Tract 479.02,-122.50396336400,37.77918341130
Census Tract 6001,-122.40942066000,37.68750101040
Census Tract 6002,-122.41572292400,37.70444400250
Census Tract 6003,-122.43177340600,37.70213718060
Census Tract 6004.01,-122.44436097100,37.70545113450
Census Tract 6004.02,-122.45291284300,37.70512785680
Census Tract 6005,-122.45688267100,37.69707672120
Census Tract 6006,-122.46657569400,37.69754752310
Census Tract 6007,-122.46402425000,37.70524556050
Census Tract 6008,-122.48026943500,37.70010549670
Census Tract 6009,-122.49022130900,37.70469435130
Census Tract 601,-122.48259227100,37.81055875360
Census Tract 6010,-122.49517389000,37.68043036410
Census Tract 6011,-122.48947067900,37.69224791270
Census Tract 6012,-122.47844829400,37.69323840550
Census Tract 6013,-122.46548225100,37.68787400670
Census Tract 6014,-122.47881223300,37.68106893370
Census Tract 6015.01,-122.48563656900,37.67507553070
Census Tract 6015.02,-122.47836477400,37.66917983620
Census Tract 6016.01,-122.44970799500,37.67824800260
Census Tract 6016.03,-122.46099492200,37.65547985330
Census Tract 6016.04,-122.46909247200,37.66950905870
Census Tract 6016.05,-122.46983283700,37.65696095880
Census Tract 6017,-122.45601396200,37.66265719840
Census Tract 6018,-122.44605980300,37.65529128250
Census Tract 6019.01,-122.43436843600,37.66595707380
Census Tract 6019.02,-122.43729075700,37.66047867400
Census Tract 6020,-122.42034076400,37.66783826220
Census Tract 6021,-122.40641561100,37.66180270920
Census Tract 6022,-122.41756781900,37.65622888470
Census Tract 6023,-122.39555583000,37.65126477990
Census Tract 6024,-122.43578105100,37.64448245810
Census Tract 6025,-122.45045546400,37.63980055980
Census Tract 6026,-122.46103090500,37.64622457630
Census Tract 6027,-122.47524003400,37.64860398580
Census Tract 6028,-122.48390136600,37.65946133580
Census Tract 6029,-122.49205628100,37.65313434540
Census Tract 6030,-122.48584659600,37.63636036740
Census Tract 6031,-122.48432533800,37.61633627970
Census Tract 6032,-122.50728076300,37.59127335700
Census Tract 6033,-122.48574212900,37.58088275260
Census Tract 6034,-122.46262927000,37.59463761290
Census Tract 6037,-122.44850963700,37.63251250550
Census Tract 6038.01,-122.42822834400,37.62004106160
Census Tract 6038.02,-122.43458106600,37.61907811680
Census Tract 6039,-122.41713575400,37.61405969310
Census Tract 604,-122.49618535700,37.71987916900
Census Tract 6040,-122.42068639400,37.62342003070
Census Tract 6041.01,-122.41010237300,37.62363495100
Census Tract 6041.02,-122.42574879200,37.63317452040
Census Tract 6042,-122.40615571800,37.62733705300
Census Tract 6044,-122.39014705200,37.60498401960
Census Tract 6045,-122.41003651200,37.60619340930
Census Tract 6046,-122.41819597100,37.60025185960
Census Tract 6047,-122.40666951400,37.59368295520
Census Tract 6048,-122.39779583500,37.59953389120
Census Tract 6049,-122.39817022300,37.58928816910
Census Tract 605.02,-122.41990594500,37.71099949230
Census Tract 6050,-122.38983397800,37.58155268630
Census Tract 6051,-122.36769205400,37.59724300620
Census Tract 6052,-122.37663827400,37.58341989360
Census Tract 6053,-122.36200936500,37.58205474850
Census Tract 6054,-122.34531369300,37.58843978320
Census Tract 6055,-122.34828254900,37.57655045560
Census Tract 6056,-122.36916488900,37.56494917750
Census Tract 6057,-122.34830207500,37.54800617350
Census Tract 6058,-122.34517519200,37.56801758600
Census Tract 6059,-122.33408908200,37.57237799540
Census Tract 6060,-122.33111118200,37.57972823700
Census Tract 6061,-122.31410977100,37.58350761230
Census Tract 6062,-122.32207853400,37.57272011290
Census Tract 6063,-122.31933950600,37.56534934040
Census Tract 6064,-122.32571786700,37.56141270820
Census Tract 6065,-122.33090317600,37.55336601300
Census Tract 6066,-122.31703734500,37.55289918320
Census Tract 6067,-122.32349441700,37.54050611490
Census Tract 6068,-122.33778081200,37.52946441210
Census Tract 6069,-122.34574831200,37.51999958300
Census Tract 607,-122.39079489000,37.77274299270
Census Tract 6070,-122.32323105800,37.52470684220
Census Tract 6071,-122.30463021900,37.52720521510
Census Tract 6072,-122.29749120700,37.53317026600
Census Tract 6073,-122.31195178900,37.53421509360
Census Tract 6074,-122.31223639000,37.54429975650
Census Tract 6075,-122.29973616100,37.54673251630
Census Tract 6076,-122.30668809900,37.55812615650
Census Tract 6077.01,-122.30336382300,37.57113004320
Census Tract 6077.02,-122.30272973200,37.56496285870
Census Tract 6078,-122.29488687300,37.56080582140
Census Tract 6079,-122.28654529800,37.56143112550
Census Tract 6080.01,-122.25842599600,37.55144338270
Census Tract 6080.02,-122.26724536100,37.54886792560
Census Tract 6080.04,-122.27248217200,37.56517857680
Census Tract 6080.13,-122.26142657400,37.54062177640
Census Tract 6080.23,-122.27055775700,37.54143090750
Census Tract 6081,-122.26189405200,37.56123675630
Census Tract 6082,-122.25938838800,37.56746114730
Census Tract 6083,-122.24951514400,37.55764750040
Census Tract 6084,-122.28473634700,37.54612380580
Census Tract 6085.01,-122.28887841900,37.53738866740
Census Tract 6085.02,-122.28253534300,37.53173041110
Census Tract 6086,-122.27363403200,37.52681913560
Census Tract 6087,-122.28832825100,37.52082887180
Census Tract 6088,-122.31097420300,37.51658285680
Census Tract 6089,-122.31034280300,37.50454135190
Census Tract 6090,-122.28026592500,37.51342527260
Census Tract 6091,-122.25521772400,37.51009852230
Census Tract 6092.01,-122.25673667700,37.49910145570
Census Tract 6092.02,-122.26586978400,37.50778222200
Census Tract 6093,-122.25186529400,37.49077732910
Census Tract 6094,-122.26310541300,37.49461004530
Census Tract 6095,-122.27755315800,37.50487972490
Census Tract 6096.01,-122.28320028400,37.49530330250
Census Tract 6096.02,-122.27620193100,37.48890786630
Census Tract 6096.03,-122.28159261200,37.48151377170
Census Tract 6097,-122.27446075900,37.46537024210
Census Tract 6098,-122.25304112600,37.47219718590
Census Tract 6099,-122.24795921300,37.48004882000
Census Tract 610,-122.38544598600,37.71264310990
Census Tract 6100,-122.24123197700,37.48445602370
Census Tract 6101,-122.23868688700,37.49322255860
Census Tract 6102.01,-122.21382359900,37.48477991090
Census Tract 6102.02,-122.22945021400,37.48973027200
Census Tract 6102.03,-122.22360058500,37.47973791580
Census Tract 6103.02,-122.20893012100,37.51507205600
Census Tract 6103.03,-122.23898491400,37.54152519430
Census Tract 6103.04,-122.25576767000,37.52898464400
Census Tract 6104,-122.19147909200,37.48253680360
Census Tract 6105,-122.20469547700,37.47981379660
Census Tract 6106.01,-122.20907089300,37.47132474810
Census Tract 6106.02,-122.19751876000,37.47458115950
Census Tract 6107,-122.21908362300,37.46986934330
Census Tract 6108,-122.22603037800,37.47011717460
Census Tract 6109,-122.23201360300,37.47659592740
Census Tract 611,-122.40406467300,37.79559977330
Census Tract 6110,-122.23361418800,37.46632841260
Census Tract 6111,-122.25270881400,37.45768174730
Census Tract 6112,-122.23459720100,37.45649149630
Census Tract 6113,-122.22531755500,37.45236942490
Census Tract 6114,-122.21173559900,37.44743311430
Census Tract 6115,-122.18496677300,37.46754615960
Census Tract 6116,-122.17069720000,37.47480075860
Census Tract 6117,-122.15528676800,37.49254126500
Census Tract 6118,-122.13255149400,37.48247445690
Census Tract 6119,-122.12861448100,37.46476828210
Census Tract 612,-122.39016115500,37.73705031440
Census Tract 6120,-122.14678721300,37.46825470560
Census Tract 6121,-122.14396192500,37.45908630240
Census Tract 6125,-122.17782225800,37.45570002450
Census Tract 6126,-122.18171917100,37.44921419190
Census Tract 6127,-122.18868549400,37.44396358500
Census Tract 6128,-122.19232799300,37.43644205110
Census Tract 6129,-122.20338741900,37.43217909020
Census Tract 6130,-122.20551686400,37.42124591050
Census Tract 6132,-122.21656416500,37.37419844530
Census Tract 6133,-122.24879983100,37.44034521750
Census Tract 6134,-122.27892280100,37.41765193700
Census Tract 6135.01,-122.41439426800,37.53404007380
Census Tract 6135.02,-122.46746914900,37.51914631170
Census Tract 6136,-122.50109620900,37.54057987240
Census Tract 6137,-122.37592603300,37.44740818020
Census Tract 6138,-122.30463196900,37.27594284470
Census Tract 6139,-122.16198601700,37.46238955180
Census Tract 614,-122.39747304500,37.75509193590
Census Tract 6140,-122.45981723300,37.62763959100
Census Tract 615,-122.39266359900,37.78738257470
Census Tract 9802,-122.50150288200,37.78696658800
Census Tract 9803,-122.48391657900,37.76891999430
Census Tract 9804.01,-123.05192636800,37.73336820680
Census Tract 9805.01,-122.41870559700,37.71793728080
Census Tract 9806,-122.36777526300,37.72250663980
Census Tract 9809,-122.38948578200,37.74561277690
Census Tract 9819,-122.31965706600,37.80295653070
Census Tract 9820,-122.29283250100,37.79662400510
Census Tract 9832,-122.27697462700,37.79565903360
Census Tract 9843,-122.37841298800,37.62075531050
Census Tract 9900,-122.36012810800,38.01111124190
